date,price,log_returns,volatility
2023-02-10,21639.8,-0.007008718175707399,0.0321103982456288
2023-02-11,21868.2,0.010499314983329679,0.032474313858114265
2023-02-12,21786.0,-0.003765965114470348,0.0272468406257422
2023-02-13,21791.2,2.3865691346310806E-4,0.024346895863304584
2023-02-14,22213.1,0.019175986359910493,0.024918028951472247
2023-02-15,24334.5,0.09121289160279894,0.043068698361868794
2023-02-16,23521.5,-0.03398020002936743,0.042580797079413354
2023-02-17,24572.3,0.0437048957384875,0.04207893086984126
2023-02-18,24643.7,0.002901497484199609,0.03969924128049121
2023-02-19,24287.2,-0.014571827135413285,0.03822237779504976
2023-02-20,24839.8,0.022497742908740875,0.03330911685890777
2023-02-21,24442.1,-0.01614015017741153,0.033935394324098936
2023-02-22,24186.6,-0.010508294530270378,0.0345561830718777
2023-02-23,23942.4,-0.010147815063756326,0.03484725607610899
2023-02-24,23193.8,-0.03176594415402201,0.036889607990113184
2023-02-25,23167.3,-0.0011431999191599987,0.036653701961172826
2023-02-26,23564.5,0.01699954058422369,0.02339008955300658
2023-02-27,23494.4,-0.002979247362353425,0.021021540449403228
2023-02-28,23133.2,-0.015493279741045227,0.015549866497819876
2023-03-01,23634.9,0.021455618083643126,0.017441917891712178
2023-03-02,23466.5,-0.007150561024982745,0.01712421653583301
2023-03-03,22356.1,-0.0484746577283851,0.019683826582301205
2023-03-04,22348.5,-3.4000975618685885E-4,0.01973343668974115
2023-03-05,22426.9,0.0035019265097106927,0.020015460672224396
2023-03-06,22409.4,-7.806175303785275E-4,0.020061134745685456
2023-03-07,22196.9,-0.009527874204626634,0.018244958109581808
2023-03-08,21699.1,-0.02268185445613334,0.019046590913660115
2023-03-09,20363.6,-0.06352179169114948,0.02413674055594394
2023-03-10,20224.7,-0.0068443636335633095,0.023999662188655645
2023-03-11,20616.4,0.019182245860512377,0.025929218735137455
2023-03-12,22157.5,0.07208916406267786,0.035052896477213234
2023-03-13,24208.3,0.08851950993628503,0.04512466078966349
2023-03-14,24753.4,0.0222673037504644,0.04201565219747981
2023-03-15,24372.6,-0.015503302819371564,0.04260671190427369
2023-03-16,25053.7,0.02756197071664928,0.042975360915083076
2023-03-17,27447.7,0.09126085452388713,0.04916609382579537
2023-03-18,26964.6,-0.01775748110329692,0.049693952809058625
2023-03-19,28049.9,0.03946017226492836,0.04815400950024243
2023-03-20,27773.0,-0.009920741167631284,0.04060597810269891
2023-03-21,28154.1,0.013628666560293882,0.03928630488479231
2023-03-22,27300.0,-0.03080629010171064,0.0433526416668918
2023-03-23,28321.4,0.03673100044098276,0.04079016247699732
2023-03-24,27491.0,-0.02975902425205034,0.03700640145878705
2023-03-25,27490.5,-1.8187935942580796E-5,0.036971622729993
2023-03-26,28000.0,0.01836401973129992,0.03607744014066905
2023-03-27,27134.5,-0.03139852921618926,0.03796491788232002
2023-03-28,27267.6,0.004893203224600569,0.025852460591168108
2023-03-29,28358.2,0.03921704579042689,0.027711444104804285
2023-03-30,28034.0,-0.011498170733176251,0.025465975526361186
2023-03-31,28466.8,0.015320436715328782,0.02562447308578091
2023-04-01,28462.8,-1.4052443743089684E-4,0.025347487870848277
2023-04-02,28185.0,-0.009808049985225558,0.02343161081625888
2023-04-03,27800.7,-0.013728721297839109,0.020954569770211463
2023-04-04,28175.5,0.013391605761604653,0.01913371688948602
2023-04-05,28179.1,1.2776241885837495E-4,0.019132048075686536
2023-04-06,28040.0,-0.004948506249772832,0.018447386603198376
2023-04-07,27922.9,-0.004184921471302553,0.01536332560054422
2023-04-08,27956.0,0.0011847049197957749,0.015348744241896122
2023-04-09,28333.7,0.013420063300058542,0.010268424963953976
2023-04-10,29655.0,0.04557883637574883,0.016469472575629168
2023-04-11,30227.6,0.019124669015905205,0.01674298565961998
2023-04-12,29895.2,-0.01105748191415236,0.017417855689204648
2023-04-13,30405.9,0.01693873613621926,0.017090139658008936
2023-04-14,30493.2,0.0028670394078030483,0.015768867855676702
2023-04-15,30315.9,-0.005831380580326984,0.016219567038848984
2023-04-16,30316.0,3.2985936446227533E-6,0.0162246194739851
2023-04-17,29449.2,-0.029008880907061992,0.019278343907682207
2023-04-18,30388.8,0.031407374433114,0.020622732386508486
2023-04-19,28814.0,-0.05321273933655347,0.027660719428113278
2023-04-20,28241.5,-0.02006885277754374,0.0282062474368327
2023-04-21,27264.3,-0.03521437325424388,0.025450448864857946
2023-04-22,27818.8,0.020133897021828887,0.025558178804945837
2023-04-23,27589.7,-0.008269536464137766,0.02553372353140035
2023-04-24,27518.6,-0.00258037498709385,0.02433103193712601
2023-04-25,28300.9,0.028031466585565885,0.026639199968060658
2023-04-26,28424.9,0.004371915336851527,0.02685242379001444
2023-04-27,29472.4,0.03618871058441246,0.029706661776160097
2023-04-28,29323.9,-0.0050513490053603755,0.02842465478856891
2023-04-29,29240.6,-0.002844728672670426,0.026397102695829018
2023-04-30,29243.1,8.549390690137246E-5,0.0206191142520929
2023-05-01,28074.1,-0.04079620529332571,0.023515318811364296
2023-05-02,28677.1,0.021251451738299166,0.021242542250452086
2023-05-03,29033.3,0.012344552225297697,0.020797846249638322
2023-05-04,28852.7,-0.006239870987329101,0.02068794617228993
2023-05-05,29530.2,0.023209892409613554,0.021311015919768382
2023-05-06,28901.7,-0.021513051588584627,0.02151981514389874
2023-05-07,28468.0,-0.015119767480737607,0.022091687099054468
2023-05-08,27693.2,-0.0275937537453081,0.01994981929456073
2023-05-09,27635.0,-0.0021038104064903087,0.01997859615259423
2023-05-10,27617.8,-6.225929022816357E-4,0.02001813164813878
2023-05-11,26979.3,-0.023390587084467517,0.02064110311531529
2023-05-12,26800.0,-0.006668017781666231,0.01742058778023471
2023-05-13,26786.3,-5.113247340642324E-4,0.015351126547259482
2023-05-14,26923.0,0.005090377092237046,0.014612830514899037
2023-05-15,27167.6,0.009044146941796309,0.015384004617600863
2023-05-16,27036.0,-0.0048557755786725245,0.012136170216290845
2023-05-17,27402.3,0.013457640238856773,0.012810422536703019
2023-05-18,26817.9,-0.021557376465305852,0.013457561493607393
2023-05-19,26887.4,0.0025882003749016043,0.01140702259840729
2023-05-20,27111.4,0.008296528251355169,0.01188113353604206
2023-05-21,26750.6,-0.013397400640904557,0.012375176018900064
2023-05-22,26854.8,0.0038876729299613315,0.010440451101353172
2023-05-23,27221.5,0.013562526317347586,0.010996891835989099
2023-05-24,26327.7,-0.03338548538105437,0.015227190552036932
2023-05-25,26476.5,0.00563593024304085,0.01525192108250182
2023-05-26,26706.3,0.00864194552306118,0.015224519529927186
2023-05-27,26873.7,0.006248620555468801,0.015351524744317672
2023-05-28,28090.0,0.04426552793131608,0.02020511115909603
2023-05-29,27741.3,-0.012491363592858089,0.01930142291230169
2023-05-30,27699.2,-0.0015187456134875272,0.01935149118571417
2023-05-31,27216.2,-0.01759114766484188,0.02016061090206773
2023-06-01,26814.8,-0.014858410349917946,0.020264785064269236
2023-06-02,27253.2,0.016216971512364106,0.02082137981288732
2023-06-03,27071.9,-0.006674655843848246,0.020525256995805322
2023-06-04,27122.9,0.001882099945189354,0.017389874558274433
2023-06-05,25721.0,-0.05307061064631706,0.024110392624349723
2023-06-06,27240.1,0.05738237348409125,0.030119341664158146
2023-06-07,26352.3,-0.03313459464088797,0.03182972321128251
2023-06-08,26506.7,0.005841973519051706,0.02816897852057252
2023-06-09,26484.1,-8.529783045458334E-4,0.028089249277827803
2023-06-10,25851.0,-0.024195267994404624,0.02869703889029982
2023-06-11,25929.0,0.0030127485128714523,0.028556828032876444
2023-06-12,25904.8,-9.337537189372517E-4,0.02835500194042728
2023-06-13,25932.9,0.0010841531453891775,0.027681100871116308
2023-06-14,25123.9,-0.03169284853877027,0.02887825028655632
2023-06-15,25577.1,0.017877835577388423,0.029748161627041577
2023-06-16,26323.0,0.028745661820926124,0.02669033092316092
2023-06-17,26511.8,0.007146835177374095,0.019656985511579707
2023-06-18,26334.7,-0.0067024557155845755,0.0169638364547802
2023-06-19,26840.0,0.019005850917084618,0.01786240971009005
2023-06-20,28308.9,0.05328293073734976,0.023747796415555227
2023-06-21,29992.0,0.05775443659278018,0.026050740103656374
2023-06-22,29900.0,-0.0030721990369701403,0.026358660691434492
2023-06-23,30687.7,0.026003442448470103,0.026190134437986668
2023-06-24,30542.4,-0.00474604068061031,0.026565196141150355
2023-06-25,30447.3,-0.003118561890745826,0.022667566751589215
2023-06-26,30264.2,-0.006031824453099478,0.023745354723427543
2023-06-27,30695.8,0.014160341595863593,0.02332275244667329
2023-06-28,30088.1,-0.01999609266985349,0.02545532244951447
2023-06-29,30450.6,0.011975953648608447,0.024732124161390576
2023-06-30,30475.0,8.009769720613943E-4,0.024913327817664723
2023-07-01,30591.7,0.0038220549682160443,0.020741492629275382
2023-07-02,30622.7,0.0010128336682239877,0.012144696545012285
2023-07-03,31144.9,0.016908943908930617,0.012804338439332895
2023-07-04,30781.9,-0.011723653012029841,0.011185676735932161
2023-07-05,30502.8,-0.009108372222284668,0.011455706626329507
2023-07-06,29901.7,-0.019903147710711392,0.012919642231383243
2023-07-07,30339.1,0.014521974702574979,0.01368519063366973
2023-07-08,30294.3,-0.001477733663375887,0.012881417471528763
2023-07-09,30175.1,-0.00394249502711827,0.01135786051078726
2023-07-10,30409.9,0.0077511323121294065,0.010987546581052545
2023-07-11,30623.9,0.0070125365605739455,0.011197315913785637
2023-07-12,30395.3,-0.007492758656071772,0.011374184204332507
2023-07-13,31486.0,0.03525501139604486,0.015713422284803796
2023-07-14,30329.7,-0.037415572137700484,0.01894582370287769
2023-07-15,30284.4,-0.0014947020060960996,0.018692373761512768
2023-07-16,30239.3,-0.001490325553379082,0.01852187923209412
2023-07-17,30148.2,-0.0030171829968094303,0.017447876252738845
2023-07-18,29857.3,-0.009695853844910129,0.01705941769757964
2023-07-19,29912.6,0.0018504302593566077,0.017088468289946514
2023-07-20,29797.9,-0.0038418750833104118,0.017086852467206617
2023-07-21,29915.1,0.0039254484114327895,0.016925879696487848
2023-07-22,29766.8,-0.0049696911533945905,0.01670803596317679
2023-07-23,30082.4,0.010546604645223162,0.017059299197095517
2023-07-24,29178.4,-0.030511573618308155,0.014426710867319297
2023-07-25,29225.0,0.001595797843590552,0.010418468773323098
2023-07-26,29336.1,0.0037943321861028047,0.01063364664130487
2023-07-27,29209.0,-0.004341958581689501,0.01063081305761682
2023-07-28,29314.2,0.003595159297872882,0.010824348630779647
2023-07-29,29360.4,0.0015747873712927288,0.010611665519652702
2023-07-30,29277.7,-0.0028206935365315267,0.010556371343300381
2023-07-31,29227.6,-0.0017126657669035593,0.010537723539898243
2023-08-01,29695.2,0.015871948257462798,0.011730071596247137
2023-08-02,29152.3,-0.018451604672008844,0.01287284197362666
2023-08-03,29187.2,0.0011964450899723876,0.012263323638079417
2023-08-04,29072.9,-0.003923788206609538,0.0081860006130938
2023-08-05,29047.1,-8.878183652676814E-4,0.008161809046772002
2023-08-06,29036.9,-3.512154846376968E-4,0.008035627771317432
2023-08-07,29179.0,0.004881837512242535,0.008124965391011221
2023-08-08,29766.6,0.019937687110748326,0.010116869026430662
2023-08-09,29570.8,-0.006599571624682628,0.010398422836991043
2023-08-10,29429.0,-0.004806805210472742,0.01048160756789835
2023-08-11,29399.0,-0.0010199225743049818,0.0104692652254045
2023-08-12,29412.4,4.556939719810809E-4,0.009160392680285944
2023-08-13,29285.1,-0.004337499879351491,0.007238276405319962
2023-08-14,29418.4,0.004541474668774915,0.00734396708785345
2023-08-15,29165.4,-0.00863725374113957,0.007767152638846491
2023-08-16,28698.5,-0.016138218589622482,0.009222827213370468
2023-08-17,26636.6,-0.07455864669189839,0.023970728207379943
2023-08-18,26046.6,-0.02239896845249712,0.02393368680481917
2023-08-19,26083.2,0.001404187471036441,0.022178310420857338
2023-08-20,26188.5,0.004028954192800291,0.022663742607409644
2023-08-21,26123.4,-0.0024889187204567443,0.022738169509191507
2023-08-22,26040.4,-0.003182286184852033,0.022654052271192823
2023-08-23,26417.4,0.014373705750844868,0.023723049944090323
2023-08-24,26160.0,-0.00979135736733968,0.023655213424955572
2023-08-25,26049.8,-0.004221435962280744,0.02325104563946304
2023-08-26,26002.4,-0.0018212491730203195,0.02341219967284522
2023-08-27,26087.4,0.0032635976888015527,0.023669067223340834
2023-08-28,26109.6,8.506236503472096E-4,0.009137414741661909
2023-08-29,27731.7,0.06027310040110522,0.019092131849794615
2023-08-30,27305.4,-0.015491678365509786,0.020123971616925185
2023-08-31,25936.2,-0.05144480857552489,0.026195792170247735
2023-09-01,25808.3,-0.004943530635082873,0.02622130981172649
2023-09-02,25869.7,0.002376254069108027,0.026230795168887308
2023-09-03,25969.4,0.00384652213976887,0.025818744360258574
2023-09-04,25806.3,-0.006300273661187138,0.025728674692791068
2023-09-05,25788.7,-6.822366773002254E-4,0.025709751030425436
2023-09-06,25763.8,-9.660056034652775E-4,0.025708032109402926
2023-09-07,26236.4,0.018177353657067966,0.02633167463517091
2023-09-08,25905.2,-0.012704038787602278,0.02663000813632695
2023-09-09,25891.3,-5.367158141447995E-4,0.01742398513554726
2023-09-10,25830.0,-0.0023703978323293376,0.017174838497790758
2023-09-11,25163.4,-0.02614604927030405,0.010881735851220741
2023-09-12,25832.4,0.026238960168819214,0.013897013131486884
2023-09-13,26231.1,0.015316211706885113,0.014638276838971107
2023-09-14,26535.5,0.01153772942667859,0.014954386565739669
2023-09-15,26610.0,0.002803625849769586,0.014701272780497607
2023-09-16,26568.5,-0.0015607814595986803,0.014724379354225632
2023-09-17,26539.8,-0.0010808104493583329,0.014727284482946532
2023-09-18,26758.3,0.008199212508206356,0.013966121645764077
2023-09-19,27228.6,0.01742318589333405,0.013792364644068925
2023-09-20,27135.1,-0.003439798696286582,0.01392612673411312
2023-09-21,26567.6,-0.021135664530900072,0.015838383090636756
2023-09-22,26583.8,6.095794466992847E-4,0.012740692596180193
2023-09-23,26580.8,-1.1285705161646252E-4,0.010652451163289486
2023-09-24,26252.3,-0.012435546403150014,0.010624944876100488
2023-09-25,26289.8,0.0014274270106196404,0.009949901423905411
2023-09-26,26214.9,-0.0028530798502824344,0.009888421107060381
2023-09-27,26359.9,0.005515964593139115,0.010101947452320171
2023-09-28,27026.8,0.02498505030222876,0.012724654470087183
2023-09-29,26920.1,-0.003955746822752347,0.01262673084074325
2023-09-30,26972.9,0.001959438772878149,0.011357051383205636
2023-10-01,27981.1,0.03669662400737811,0.015959453837599686
2023-10-02,27500.9,-0.01731055085040887,0.015418490429703181
2023-10-03,27428.2,-0.0026470501956149723,0.015502945314403252
2023-10-04,27800.0,0.01346433948247899,0.015782074963184903
2023-10-05,27413.8,-0.013989484456438163,0.015950714768631358
2023-10-06,27947.8,0.019291948277315195,0.016567324350759607
2023-10-07,27973.4,9.15574121740004E-4,0.01641421251937949
2023-10-08,27934.7,-0.001384415001799481,0.016561651612985014
2023-10-09,27586.1,-0.012557620963463755,0.015950775155917456
2023-10-10,27397.3,-0.0068675542813054725,0.016080612538043926
2023-10-11,26868.2,-0.01950103721641161,0.017288739170412522
2023-10-12,26760.9,-0.004001564194757756,0.012161495513757779
2023-10-13,26867.9,0.003990398516563752,0.011518342824438667
2023-10-14,26857.3,-3.9460067668603104E-4,0.0115279940657922
2023-10-15,27170.1,0.011579439140131317,0.011288090665229957
2023-10-16,28516.8,0.04837628332597002,0.018234752516187502
2023-10-17,28415.8,-0.0035480587907472084,0.017555225251099253
2023-10-18,28335.1,-0.00284400967718306,0.0176044775132114
2023-10-19,28726.9,0.013732647201305953,0.017971529717120207
2023-10-20,29680.9,0.032669775268742644,0.019296289465229356
2023-10-21,29920.2,0.00803009628634599,0.018767948472384097
2023-10-22,29987.3,0.0022401211220557053,0.016600915819099744
2023-10-23,33084.4,0.09828791349506627,0.030670137754034373
2023-10-24,33922.4,0.025013690944650488,0.03027431912877653
2023-10-25,34489.9,0.016590964415731827,0.029485941398465814
2023-10-26,34155.2,-0.009751683728720652,0.03095795606276217
2023-10-27,33915.1,-0.007054500883161722,0.03052871560068373
2023-10-28,34092.1,0.005205342953682911,0.0300859563635037
2023-10-29,34529.5,0.012748345239665749,0.02944090904135699
2023-10-30,34508.1,-6.199520459984312E-4,0.029961119573684497
2023-10-31,34655.2,0.004253707437399422,0.02966715467273277
2023-11-01,35441.7,0.022441306457438758,0.029691181672502825
2023-11-02,34927.7,-0.014608882310595234,0.030849745769063422
2023-11-03,34741.2,-0.005353908142407462,0.013351141662470171
2023-11-04,35090.3,0.009998436472141901,0.011703502980213635
2023-11-05,35050.0,-0.0011491255222645378,0.010845965466748148
2023-11-06,35028.6,-6.107428135036602E-4,0.010233563112331324
2023-11-07,35449.0,0.011930173168456,0.010099004527816013
2023-11-08,35626.4,0.004991892226721243,0.010096706837938963
2023-11-09,36694.0,0.029526317894255156,0.012525328273639499
2023-11-10,37311.7,0.01669369643042786,0.012761232098125824
2023-11-11,37139.8,-0.004617779506513007,0.013230878049156052
2023-11-12,37053.9,-0.002315561520229578,0.012281144946150912
2023-11-13,36494.1,-0.015223005673156665,0.012375453416022475
2023-11-14,35544.4,-0.02636798445933238,0.015249909794228368
2023-11-15,37896.7,0.06408141782963044,0.024168984850840545
2023-11-16,36159.1,-0.04693539122365562,0.029142633620602
2023-11-17,36625.0,0.012802421503532356,0.029264534042907044
2023-11-18,36586.1,-0.0010626804859039413,0.029176811704537512
2023-11-19,37373.9,0.021304212988282695,0.029705186609249316
2023-11-20,37480.5,0.0028481978898673493,0.028509402875917324
2023-11-21,35777.1,-0.04651277380010925,0.031453379748099766
2023-11-22,37428.1,0.04511373527724494,0.03473038427253931
2023-11-23,37300.9,-0.0034043041616082996,0.03474139650253835
2023-11-24,37710.4,0.010918463434981377,0.03444330989085911
2023-11-25,37800.2,0.002378475136849322,0.033056500547282125
2023-11-26,37469.9,-0.008776449616508874,0.026889504800889558
2023-11-27,37254.1,-0.005775938117604714,0.022341967881550833
2023-11-28,37832.7,0.015411802142402922,0.022473281966258845
2023-11-29,37870.0,9.854338885783918E-4,0.02244518500475109
2023-11-30,37717.7,-0.0040297616172909724,0.021681230105160692
2023-12-01,38690.0,0.025451688416009016,0.022926740422249143
2023-12-02,39477.1,0.02013958824103449,0.01646135027429575
2023-12-03,39975.1,0.012536003326910192,0.011480857358285254
2023-12-04,41984.7,0.04904850592055714,0.016835347994789005
2023-12-05,44080.8,0.04871904729937477,0.020361117763882712
2023-12-06,43761.7,-0.007265307877892399,0.02111424090737112
2023-12-07,43291.7,-0.01079807490029423,0.0213334031259368
2023-12-08,44179.5,0.0202999498676562,0.020453200269347223
2023-12-09,43709.6,-0.010693122980393316,0.0219258957130153
2023-12-10,43788.0,0.0017920496329367278,0.02188253595825876
2023-12-11,41236.8,-0.06002874567254614,0.030933741283555166
2023-12-12,41469.9,0.005636801303896096,0.030395101757844115
2023-12-13,42889.1,0.033649851522628914,0.03127026693954663
2023-12-14,43016.1,0.002956749824769502,0.03125048015996975
2023-12-15,41943.3,-0.025255758008647333,0.029131794519321044
2023-12-16,42231.5,0.00684768187530142,0.02448073977474515
2023-12-17,41344.3,-0.021231823761952262,0.02502899680039136
2023-12-18,42646.1,0.03100126346133574,0.027169855850543222
2023-12-19,42267.0,-0.008929188047847604,0.02625287863497224
2023-12-20,43630.0,0.03173834739626887,0.028218529268684445
2023-12-21,43869.3,0.005469771680973596,0.028265792297146947
2023-12-22,43997.0,0.002906690959101639,0.020033082184753054
2023-12-23,43750.1,-0.005627551260296591,0.020332976743881372
2023-12-24,43014.9,-0.016947331215116584,0.01883846328359039
2023-12-25,43604.1,0.013604615330883087,0.01925939507467448
2023-12-26,42519.1,-0.02519779589120751,0.019251429056136964
2023-12-27,43468.1,0.022073949001031382,0.02021811310834719
2023-12-28,42616.4,-0.019788180024190083,0.020051777476278666
2023-12-29,42097.9,-0.01224129750762567,0.018104638860888877
2023-12-30,42150.0,0.0012368262387933795,0.017927904702213126
2023-12-31,42241.1,0.002158996277729882,0.014549875146380788
2024-01-01,44180.8,0.04489662484349305,0.020477724645199976
2024-01-02,44972.0,0.01774976831842578,0.02112073295540419
2024-01-03,42849.5,-0.04834609752323839,0.02602090294752332
2024-01-04,44211.9,0.03130000725250859,0.027265721341029378
2024-01-05,44179.9,-7.240490950063207E-4,0.02702309386350152
2024-01-06,43960.0,-0.004989804986356447,0.025704320060894938
2024-01-07,43915.9,-0.0010036882399419719,0.024924465001885915
2024-01-08,46989.4,0.0676456030635395,0.0308848585360719
2024-01-09,46128.7,-0.01848672841335461,0.031365635363588364
2024-01-10,46664.8,0.011554817195509794,0.031287058173449914
2024-01-11,46350.4,-0.006760211177334746,0.03160319830628301
2024-01-12,42800.1,-0.07968948293021884,0.03874815231413611
2024-01-13,42827.9,6.493203385983116E-4,0.038176249804785026
2024-01-14,41719.1,-0.026230701859677845,0.036162035977868975
2024-01-15,42506.4,0.01869559531585491,0.035172505938397255
2024-01-16,43134.7,0.014673124766954794,0.03560113187472793
2024-01-17,42747.8,-0.009010045525098336,0.03565349742149128
2024-01-18,41264.7,-0.035310319135637355,0.036981235305885325
2024-01-19,41611.9,0.008378771118210216,0.028600826240908987
2024-01-20,41650.0,9.151845600271655E-4,0.028694358602080354
2024-01-21,41554.7,-0.0022907369817739597,0.02798367260516805
2024-01-22,39510.0,-0.05045682720777839,0.030390838235712005
2024-01-23,39844.0,0.008418024859619821,0.02192874326833756
2024-01-24,40069.8,0.005651104087391757,0.022142769492828927
2024-01-25,39924.8,-0.0036252486743930676,0.02110747525928065
2024-01-26,41814.2,0.04623831006408414,0.025288130998648902
2024-01-27,42126.3,0.007436253970471773,0.024916918500374752
2024-01-28,42024.9,-0.00240994897461629,0.02481447590274604
2024-01-29,43269.5,0.029185699064045046,0.02363136061075859
2024-01-30,42956.0,-0.007271662823932713,0.02383235652442613
2024-01-31,42551.7,-0.009456528778211959,0.024121712264981596
2024-02-01,43075.2,0.012227618249878676,0.02426342281557663
2024-02-02,43185.9,0.002566627617092758,0.01657042564584929
2024-02-03,42982.8,-0.004714017412506698,0.017011399018119232
2024-02-04,42591.4,-0.00914768071126331,0.01769107868141163
2024-02-05,42650.0,0.0013749189767288104,0.017494955247212386
2024-02-06,43085.0,0.01014763475404199,0.01157841781385882
2024-02-07,44333.6,0.028567945881417697,0.013949203799597501
2024-02-08,45329.6,0.022217386162428503,0.014662167883675302
2024-02-09,47127.0,0.038885844450336216,0.016334123803013075
2024-02-10,47773.2,0.013618727621537784,0.015609585684694654
2024-02-11,48295.0,0.010863222823808938,0.014265191388198395
2024-02-12,49943.7,0.033568335382608415,0.015746798178624236
2024-02-13,49755.4,-0.0037773705860320557,0.016291995149940886
2024-02-14,51835.1,0.04094852554379696,0.01715708373973014
2024-02-15,51947.1,0.002158367108806283,0.015710052861283758
2024-02-16,52185.3,0.004574952953436602,0.015396855363700631
2024-02-17,51700.0,-0.009343064519492069,0.017422550103140377
2024-02-18,52156.3,0.0087871980051445,0.01707790793257257
2024-02-19,51771.1,-0.007412901004523157,0.018092888119022005
2024-02-20,52270.1,0.009592427351289972,0.01575787984714433
2024-02-21,51866.9,-0.007743684085579491,0.01648763903730422
2024-02-22,51300.1,-0.010988120288152664,0.017333164929079124
2024-02-23,50739.4,-0.010989972381488465,0.015188425173363464
2024-02-24,51554.5,0.015936771431432677,0.01566718552531317
2024-02-25,51733.8,0.003471839116372996,0.009509109347376081
2024-02-26,54525.4,0.05255530848626881,0.018570575086338158
2024-02-27,57072.6,0.04565749345229015,0.022354136580548748
2024-02-28,62487.8,0.09064719609091733,0.032542654983810336
2024-02-29,61180.9,-0.021136288384032045,0.034510062707703494
2024-03-01,62434.3,0.020279754539806648,0.03375278426614768
2024-03-02,62033.7,-0.0064370180808593705,0.03444472624790374
2024-03-03,63178.2,0.018281519176328972,0.033565937354324005
2024-03-04,68323.1,0.07828861821857308,0.036535275595462026
2024-03-05,63802.3,-0.06845868330048081,0.045396044647379195
2024-03-06,66098.9,0.03536286540913221,0.04556436781554218
2024-03-07,66936.5,0.012592303520492867,0.04526363489579215
2024-03-08,68333.0,0.020648403622302403,0.044220252996216076
2024-03-09,68459.1,0.0018436742431652833,0.043699833772879594
2024-03-10,69040.1,0.008451008557027396,0.036132665950951874
2024-03-11,72100.0,0.043366549081090354,0.0359748836543733
2024-03-12,71484.7,-0.008570603503201223,0.03659215181414343
2024-03-13,73082.4,0.022104130905354888,0.03613930050910615
2024-03-14,71371.2,-0.023693145064125662,0.03791884893963644
2024-03-15,69488.8,-0.02672883812355197,0.03207701266041907
2024-03-16,65249.6,-0.06294567258956608,0.03089529588639986
2024-03-17,68355.6,0.046503575134248736,0.032249844807021165
2024-03-18,67600.0,-0.011115508001143646,0.032340573203800446
2024-03-19,61908.4,-0.08795210981878762,0.04109856099548028
2024-03-20,67866.0,0.09187929954716832,0.05119444493128714
2024-03-21,65499.9,-0.03548655685481544,0.05210717366775631
2024-03-22,63810.1,-0.026137130890972166,0.04984948157137936
2024-03-23,64034.5,0.0035105155861648854,0.05004358344310793
2024-03-24,67193.9,0.048160468981712,0.05228205933549005
2024-03-25,69950.0,0.040198231512101716,0.05384554214464007
2024-03-26,70000.1,7.159695082770005E-4,0.05320845645679959
2024-03-27,69437.3,-0.008072483512095325,0.04905866950188084
2024-03-28,70742.2,0.018618095988165977,0.047430234767114
2024-03-29,69917.1,-0.011732028581249781,0.04744909912298474
2024-03-30,69652.0,-0.003798839697451885,0.03692365814998566
2024-03-31,71306.8,0.023480279724529762,0.026045047675222945
2024-04-01,69681.1,-0.02306257566966964,0.02435217001614131
2024-04-02,65457.6,-0.06252651408245423,0.030733912070342363
2024-04-03,65991.5,0.008123341064224519,0.030783249983182978
2024-04-04,68527.4,0.03770771943573979,0.029369722416782974
2024-04-05,67856.5,-0.009838484039264716,0.026566662734522278
2024-04-06,68908.6,0.015385807557829555,0.027121149884526293
2024-04-07,69386.1,0.00690557045989272,0.027130228766756304
2024-04-08,71650.0,0.03210659500621703,0.028337187772414268
2024-04-09,69159.9,-0.035371939382635116,0.030244829210495514
2024-04-10,70612.2,0.02078171921124507,0.030917120175500364
2024-04-11,70046.4,-0.008045054503336948,0.03010018437957231
2024-04-12,67205.2,-0.04140725411172058,0.03186347920841953
2024-04-13,64042.4,-0.048205261484309404,0.029398220910008904
2024-04-14,65700.0,0.025553561487140976,0.030448643474864753
2024-04-15,63408.4,-0.03550258071012485,0.029263599055727983
2024-04-16,63832.6,0.006667686855507636,0.02952875738957801
2024-04-17,61284.4,-0.04073870721464133,0.030384575057063483
2024-04-18,63509.1,0.035657878296474065,0.03315696581927657
2024-04-19,63849.1,0.005339284125011342,0.03081502275910582
2024-04-20,64993.7,0.01776785527857724,0.03068743433992387
2024-04-21,64953.6,-6.171732890617945E-4,0.02949970479202951
2024-04-22,66831.4,0.028499861146995497,0.03143795342633018
2024-04-23,66419.8,-0.006177825176458148,0.028974437015087846
2024-04-24,64291.3,-0.03257088597952434,0.026727308613349
2024-04-25,64489.1,0.003071898449545747,0.025435900001124646
2024-04-26,63750.8,-0.01151448429346079,0.023175037618581293
2024-04-27,63425.0,-0.005123627494059559,0.023133359556815832
2024-04-28,63114.9,-0.004901230691187113,0.019081107548206928
2024-04-29,63822.1,0.011142650560020152,0.01603156467558839
2024-04-30,60610.0,-0.0516396293909849,0.022280127951480815
2024-05-01,58272.2,-0.039334760243765386,0.02314867279794043
2024-05-02,59124.1,0.01451348898949814,0.024183414228375825
2024-05-03,62925.8,0.06231762977951118,0.03064937444190754
2024-05-04,63895.3,0.015289551764274054,0.03127712708107158
2024-05-05,64067.5,0.0026914088148557117,0.029773081553567417
2024-05-06,63161.7,-0.014239110272874746,0.030032417862809888
2024-05-07,62325.0,-0.013335475385071295,0.030095722776603228
2024-05-08,61172.1,-0.01867142619023483,0.030508185762324763
2024-05-09,63051.9,0.030266993551137523,0.032122243567256584
2024-05-10,60794.6,-0.03645722753223231,0.033628463965513146
2024-05-11,60805.0,1.7105319467112493E-4,0.029758841916922085
2024-05-12,61444.6,0.010463933395517492,0.02676495343799892
2024-05-13,62910.0,0.02356917775345778,0.02722821208278148
2024-05-14,61568.6,-0.02155313326393707,0.02074075719057475
2024-05-15,66233.0,0.07302682784636388,0.030539773399483473
2024-05-16,65228.4,-0.01528387124833046,0.031050272802446804
2024-05-17,67043.5,0.027446705532253,0.03146058547969063
2024-05-18,66920.0,-0.0018437863296646725,0.03096227469798576
2024-05-19,66262.4,-0.00987525895505471,0.03035576129221521
2024-05-20,71408.1,0.0747886911256812,0.03614519110552805
2024-05-21,70145.1,-0.017845354501168274,0.03406088388136966
2024-05-22,69144.0,-0.014374667337744475,0.034881465198988854
2024-05-23,67940.8,-0.01755454869155241,0.03598496816175983
2024-05-24,68539.1,0.008767647583082124,0.03566664327281723
2024-05-25,69278.7,0.010733114302078454,0.034313144372485824
2024-05-26,68476.4,-0.01164833928577247,0.027823230109725445
2024-05-27,69377.8,0.013077771254328754,0.0272651001809099
2024-05-28,68324.9,-0.015292663392562078,0.026884161874709916
2024-05-29,67575.4,-0.011030256726075868,0.027147374080900694
2024-05-30,68365.0,0.01161698626718131,0.02706871925163915
2024-05-31,67498.1,-0.012761548426875421,0.013027285893486947
2024-06-01,67717.2,0.003240760354170089,0.012508468519939867
2024-06-02,67729.1,1.75715394671281E-4,0.01196645947540157
2024-06-03,68800.0,0.015687819856287092,0.011808517069730599
2024-06-04,70558.6,0.025239825292556157,0.013756030811679799
2024-06-05,71103.6,0.0076943982069309046,0.013606955547616552
2024-06-06,70752.1,-0.004955750377140582,0.013056254811149456
2024-06-07,69317.0,-0.020492031704115156,0.014320091445957518
2024-06-08,69291.5,-3.679428070816459E-4,0.013412864677615155
2024-06-09,69649.9,0.005159020924156675,0.012801646089343085
2024-06-10,69522.1,-0.0018365768390565885,0.012508993127767116
2024-06-11,67348.6,-0.031762571929153396,0.01560741610012808
2024-06-12,68233.7,0.013056461995936793,0.01609683618585847
2024-06-13,66756.5,-0.02188690688577552,0.01748232338542012
2024-06-14,65992.1,-0.01151663292408111,0.016745199983063615
2024-06-15,66198.1,0.0031167237322645824,0.01401635175586781
2024-06-16,66635.4,0.006584206240288253,0.013913089348876712
2024-06-17,66487.6,-0.0022205037556093433,0.013956032707695696
2024-06-18,65169.7,-0.020020827120822055,0.013906561425804891
2024-06-19,64949.0,-0.003392290449328733,0.013822228506378136
2024-06-20,64833.3,-0.0017829862878257392,0.01342026135248835
2024-06-21,64087.9,-0.011563781694355929,0.013401643529936136
2024-06-22,64253.0,0.002572836735181364,0.010930327044815958
2024-06-23,63176.1,-0.016902350218665655,0.009859213373884432
2024-06-24,60297.0,-0.04664371382187717,0.015054137221186287
2024-06-25,61794.0,0.02452392111999514,0.018121405628575116
2024-06-26,60815.1,-0.015968158971503558,0.018077422579282194
2024-06-27,61617.1,0.013101316018825438,0.018689199501398537
2024-06-28,60319.6,-0.021282337041062905,0.01906955081936856
2024-06-29,60860.0,0.008919052090846341,0.019368365173621574
2024-06-30,62680.3,0.029471059223240025,0.022178820210112526
2024-07-01,62858.5,0.0028389648409390296,0.02225268126383682
2024-07-02,62019.9,-0.013430867245103392,0.02233308661746153
2024-07-03,60146.6,-0.030670385818114404,0.023712873668133547
2024-07-04,57021.1,-0.05336354069466381,0.02761576167695681
2024-07-05,56650.1,-0.006527622077599153,0.024687302303606294
2024-07-06,58234.9,0.02759107867522767,0.0250767034932308
2024-07-07,55845.4,-0.041897672723188485,0.027291121788362183
2024-07-08,56699.3,0.015174706328922873,0.027456197136068488
2024-07-09,58001.6,0.02270873139433785,0.028443862449334317
2024-07-10,57743.1,-0.004466734628766905,0.02814120648715415
2024-07-11,57350.0,-0.006831018168676849,0.02574993955117806
2024-07-12,57911.4,0.00974141281475292,0.026124001414315968
2024-07-13,59222.8,0.022392346489463096,0.02750074219723772
2024-07-14,60810.0,0.026447646252422602,0.027394131110736433
2024-07-15,64764.2,0.06299873242310318,0.026762951876542613
2024-07-16,65088.7,0.004997973483741862,0.02620308785892954
2024-07-17,64120.0,-0.01499462729751122,0.02690701236334557
2024-07-18,63960.7,-0.0024874954952749926,0.021586146280100686
2024-07-19,66708.9,0.042069545057430324,0.02338793520092703
2024-07-20,67166.1,0.006830278654965521,0.02333957555391977
2024-07-21,68137.1,0.014353195932214808,0.022581516952340112
2024-07-22,67595.1,-0.007986356676049352,0.022695849359211387
2024-07-23,65900.8,-0.025384914174398372,0.02576444227364839
2024-07-24,65367.0,-0.008133037079989454,0.026144512958696693
2024-07-25,65795.4,0.006532383112696092,0.025494943668980512
2024-07-26,67914.7,0.031702578905437394,0.019736914257010265
2024-07-27,67900.8,-2.0468945074051227E-4,0.019781281408643964
2024-07-28,68250.0,0.00512961753742563,0.018769352617977866
2024-07-29,66755.3,-0.02214373918771915,0.020481707992234126
2024-07-30,66175.1,-0.008729435620634645,0.016314869667063667
2024-07-31,64638.1,-0.023500239040231175,0.01743393830693801
2024-08-01,65300.0,0.010188016065901159,0.017048673212745426
2024-08-02,61409.9,-0.061420976341686855,0.02437737581014169
2024-08-03,60688.5,-0.01181683616703474,0.023786150294646927
2024-08-04,58103.0,-0.04353692613696867,0.02615872178516177
2024-08-05,54006.5,-0.07311288794598204,0.03140553966747885
2024-08-06,56080.0,0.03767483303562156,0.032386069968097425
2024-08-07,55091.0,-0.01779287929173573,0.031882117909226154
2024-08-08,61704.7,0.11337373961609067,0.05103068649361833
2024-08-09,60859.9,-0.013785601698561184,0.05088011861455034
2024-08-10,60951.7,0.0015072459007055721,0.05096713993937115
2024-08-11,58717.7,-0.03734053265102641,0.05156959140410187
2024-08-12,59359.9,0.01087769961977982,0.05159530889525549
2024-08-13,60600.0,0.020675978853681404,0.049078108639498554
2024-08-14,58693.6,-0.03196420114612499,0.04988300897482291
2024-08-15,57554.9,-0.019591417032136182,0.048440578441345854
2024-08-16,58898.4,0.02307465070565841,0.042398708114019364
2024-08-17,59473.3,0.009713546739421616,0.04125676743867999
2024-08-18,58466.5,-0.01707353170331574,0.04121698287808395
2024-08-19,59493.7,0.017416483953938796,0.02153734188547549
2024-08-20,59023.3,-0.007938143391259088,0.021324232023196988
2024-08-21,61179.7,0.03588315394602712,0.024324162976942246
2024-08-22,60391.1,-0.012973692057311312,0.021494492867293425
2024-08-23,64087.4,0.0594060336517478,0.027511549486444395
2024-08-24,64176.0,0.001381532285781708,0.027162921621778743
2024-08-25,64288.1,0.001745235103866031,0.024299947444646624
2024-08-26,62854.7,-0.022548830666143764,0.024652912233923883
2024-08-27,59458.0,-0.05555553251902642,0.03054323663315226
2024-08-28,59025.6,-0.007298932842237274,0.03048073660194624
2024-08-29,59385.5,0.006078840721191094,0.03003211237700487
2024-08-30,59105.0,-0.004734565623006307,0.029591496384220022
2024-08-31,58972.3,-0.0022476810676983782,0.02949990282451512
2024-09-01,57321.2,-0.028397304292620686,0.027991983695955635
2024-09-02,59128.6,0.031044195065739875,0.02996024831490759
2024-09-03,57497.6,-0.027971525105992937,0.02280301913545472
2024-09-04,57970.0,0.008182427549873337,0.023226675026879032
2024-09-05,56163.9,-0.031651433600795156,0.02382141965349698
2024-09-06,53948.3,-0.04024802120119054,0.025145214063732862
2024-09-07,54146.4,0.0036653086928582104,0.021392206076518316
2024-09-08,54856.8,0.013034664270368269,0.02236351515742733
2024-09-09,57062.7,0.03942450976496885,0.02619464989908454
2024-09-10,57630.0,0.009892602170723951,0.026502275106579522
2024-09-11,57350.6,-0.004859959852944234,0.0265134858670073
2024-09-12,58133.1,0.01355190344161581,0.02541574210928055
2024-09-13,60581.0,0.04124610352365623,0.026761069306774177
2024-09-14,60000.1,-0.009635083673524338,0.025220048961473805
2024-09-15,59135.1,-0.014521572139816193,0.025755459318197015
2024-09-16,58197.2,-0.01598741313312747,0.0241002964615316
2024-09-17,60317.2,0.03578005990972284,0.021098519403123985
2024-09-18,61777.7,0.023925154396606935,0.021359028721473487
2024-09-19,62922.1,0.018354995427549543,0.02144520322380168
2024-09-20,63210.2,0.004568227187207845,0.0195561169946447
2024-09-21,63376.1,0.0026211382271666608,0.01965677045208248
2024-09-22,63615.2,0.0037656167396321392,0.019231816558136803
2024-09-23,63332.4,-0.004455388960637964,0.019608069541926107
2024-09-24,64271.8,0.014723919295445599,0.01646040290614703
2024-09-25,63139.2,-0.017779153044123978,0.01736160390962796
2024-09-26,65183.5,0.03186455662796092,0.017869055674756586
2024-09-27,65788.9,0.009244761670921395,0.015869046421197634
2024-09-28,65878.4,0.0013594873409652282,0.013782408117959217
2024-09-29,65610.0,-0.00408249507606589,0.01312096270147921
2024-09-30,63338.5,-0.0352347642444226,0.01718000462773429
2024-10-01,60819.1,-0.0405894747365264,0.021087755968820756
2024-10-02,60635.3,-0.0030266526418183163,0.020992205718609394
2024-10-03,60739.6,0.0017186424157357796,0.02092526261488398
2024-10-04,62081.0,0.021844109842895046,0.0223479049073345
2024-10-05,62049.0,-5.155885073533428E-4,0.02168259713692592
2024-10-06,62809.3,0.012178756196712224,0.02154923939923276
2024-10-07,62234.6,-0.009192036501269065,0.018762981272575766
2024-10-08,62117.9,-0.001876923009342253,0.018258401905065908
2024-10-09,60558.0,-0.025432608686619843,0.01906229569514722
2024-10-10,60279.5,-0.004609504385966264,0.01905307793555848
2024-10-11,62502.5,0.036214476843565886,0.020825209955651684
2024-10-12,63184.0,0.010844548601916484,0.01640350459324824
2024-10-13,62834.9,-0.005540452948174319,0.016520128669489702
2024-10-14,66025.5,0.049530379447459576,0.021591372511274052
2024-10-15,67060.5,0.015554165976251368,0.021256702485505565
2024-10-16,67589.9,0.007863366582534849,0.021109515469789272
2024-10-17,67407.8,-0.0026978253769894315,0.02127512373682403
2024-10-18,68440.3,0.015201094190529613,0.020749508343822293
2024-10-19,68374.9,-9.560341976814927E-4,0.02070463783602301
2024-10-20,69010.5,0.009252868714803752,0.017352253384349585
2024-10-21,67385.1,-0.023834741703211447,0.01995235576083758
2024-10-22,67387.6,3.7099501609497196E-5,0.018120325047439143
2024-10-23,66633.4,-0.011255071393431324,0.018842812296804127
2024-10-24,68170.1,0.0228000989565568,0.019216526439075295
2024-10-25,66606.8,-0.023199377858170327,0.015409377500811927
2024-10-26,67026.0,0.00627392938038551,0.014761030870932819
2024-10-27,67941.2,0.013562021403197778,0.01516099321168493
2024-10-28,69911.9,0.028593252734648356,0.01729262101873123
2024-10-29,72661.0,0.03856891147426361,0.020105277969603985
2024-10-30,72331.1,-0.004550600609223461,0.02024833863316219
2024-10-31,70250.1,-0.029192457119266157,0.022639231827188005
2024-11-01,69490.1,-0.010877435319206685,0.021490386685725508
2024-11-02,69300.0,-0.0027393901853223967,0.021542278453212927
2024-11-03,68748.7,-0.007987078918865171,0.021354662355663807
2024-11-04,67783.3,-0.014141975354959707,0.020799549431249856
2024-11-05,69382.7,0.023321704976512554,0.020453084747878637
2024-11-06,75642.0,0.08637412757864213,0.0322900764373779
2024-11-07,75949.2,0.004053011263563112,0.03234168794442827
2024-11-08,76550.4,0.007884651692203154,0.03175686037388763
2024-11-09,76728.3,0.002321262900598313,0.03013504580253368
2024-11-10,80423.3,0.04703332486219631,0.03243440483166053
2024-11-11,88737.6,0.09837976508840543,0.039251688699724695
2024-11-12,88087.3,-0.0073553321032938,0.03897691345521926
2024-11-13,90490.9,0.02692092498309251,0.03814496956418297
2024-11-14,87313.2,-0.03574763899923854,0.041280855124166176
2024-11-15,91062.0,0.04203893904124981,0.03984930015349152
2024-11-16,90555.1,-0.005582087988820881,0.04103955691200663
2024-11-17,89850.0,-0.00781689198757482,0.036328283915735476
2024-11-18,90507.9,0.007295526484195689,0.036237832752557056
2024-11-19,92376.1,0.020431147467464536,0.036156192513119544
2024-11-20,94364.5,0.02129665592015341,0.03583265948962163
2024-11-21,98496.0,0.04285099511503225,0.035524085007219305
2024-11-22,99000.0,0.005103911918175821,0.023693831592513752
2024-11-23,97759.1,-0.012613560972994741,0.02412693419354657
2024-11-24,97994.1,0.002400983615005701,0.02347744451824224
2024-11-25,93000.0,-0.05230777962334497,0.026804903184251536
2024-11-26,91914.5,-0.01174069604173542,0.024309763696172996
2024-11-27,95952.9,0.04299864896048942,0.027258962486952962
2024-11-28,95637.8,-0.0032893066741024996,0.027075266010007044
2024-11-29,97478.7,0.019065753201234742,0.027376611932623317
2024-11-30,96456.2,-0.010544873301999064,0.027421158317394143
2024-12-01,97244.6,0.008140434667444237,0.026869255632643172
2024-12-02,95853.3,-0.01441055627059893,0.023676892159099048
2024-12-03,95917.5,6.695492994593275E-4,0.02357251673537575
2024-12-04,98757.1,0.029174852937370592,0.02516005891952547
2024-12-05,97087.3,-0.017052726184599444,0.025723214950829784
2024-12-06,99872.9,0.028287803836310837,0.020558822638525143
2024-12-07,99899.9,2.7030707047607453E-4,0.019799147046776804
2024-12-08,101170.0,0.012633585564793243,0.01614593333654173
2024-12-09,97399.9,-0.03797708626388192,0.020646746972800303
2024-12-10,96655.1,-0.007676211973172069,0.019955099051230284
2024-12-11,101177.0,0.04572248631498744,0.024000824875538777
2024-12-12,100050.1,-0.011200397766239538,0.02439999934414484
2024-12-13,101483.1,0.014221221626221161,0.023928210696904588
2024-12-14,101400.1,-8.182048058234517E-4,0.02396049041274783
2024-12-15,104355.2,0.028726387226892212,0.023915681910748717
2024-12-16,106067.2,0.01627239093025028,0.022931530846868827
2024-12-17,106151.9,7.982316812895594E-4,0.021982798306619308
2024-12-18,100166.1,-0.05804127913510899,0.029220673454806386
2024-12-19,97431.4,-0.027681267428428212,0.030028112194573384
2024-12-20,97781.8,0.0035899250288068145,0.02777589378024989
2024-12-21,97232.6,-0.0056324194716676,0.027723579794765058
2024-12-22,95101.9,-0.02215709786065118,0.023960393353149926
2024-12-23,94699.4,-0.004241283946566635,0.02389035696642257
2024-12-24,98647.2,0.04084218451827434,0.027156840484366385
2024-12-25,99310.8,0.006704477573366258,0.0272998927772399
2024-12-26,95645.0,-0.03761090586173056,0.027186475885362025
2024-12-27,94148.9,-0.01576584905351039,0.02602652678283271
2024-12-28,95204.1,0.0111454365457376,0.02666813580400837
2024-12-29,93551.0,-0.017516265963006275,0.02168556888601549
2024-12-30,92611.3,-0.010095577689206825,0.020563678949208117
2024-12-31,93370.9,0.008168569075113197,0.02079138992480051
2025-01-01,94380.8,0.010757929114685786,0.021260201429556286
2025-01-02,96805.2,0.025363049213551467,0.021735272915729013
2025-01-03,98111.1,0.013399798169469727,0.021910173739216113
2025-01-04,98208.9,9.963326007571538E-4,0.018015384280611155
2025-01-05,98306.2,9.90254773817177E-4,0.017871699552456915
2025-01-06,102222.0,0.03905982139943483,0.017065750310436417
2025-01-07,96932.2,-0.05313515375301294,0.02410826037068625
2025-01-08,95060.4,-0.019499285992722593,0.0247891909923315
2025-01-09,92531.7,-0.026961190533800992,0.025601606320124246
2025-01-10,94698.8,0.023150040005314614,0.02637075824150413
2025-01-11,94562.1,-0.0014445669842194186,0.026306061535154315
2025-01-12,94449.9,-0.001187226347310226,0.02611575432378952
2025-01-13,94487.1,3.93782059424108E-4,0.024746395836247957
2025-01-14,96560.1,0.021702295169124933,0.02538818038587999
2025-01-15,100496.4,0.03995629354776677,0.028312537321341518
2025-01-16,99976.7,-0.0051847471226502935,0.028397681500186362
2025-01-17,104089.8,0.0403168292719961,0.028565828447575294
2025-01-18,104382.0,0.0028032586790980186,0.022081564559518898
2025-01-19,101191.1,-0.031046438468493354,0.023670550851987892
2025-01-20,102162.8,0.00955681101418758,0.021050361731251285
2025-01-21,106162.8,0.038406145622560284,0.022526586029140643
2025-01-22,103648.5,-0.023968397961680356,0.024634774445457766
2025-01-23,103920.2,0.002617929920801599,0.024514022350566905
2025-01-24,104840.4,0.00881589686774056,0.024360149141813222
2025-01-25,104705.2,-0.0012904114308371808,0.024189779092264333
2025-01-26,102596.5,-0.020344963260370733,0.022860856016199037
2025-01-27,101599.7,-0.009763236710260057,0.02304330182896917
